nome,nome_civil,uf,cargo,numero,sq_candidato,partido_2022,situacao_2022,resultado_2022,cargo_2026,partido_2026,numero_2026,sq_candidato_2026,resultado_2026,origem,observacao
GUTO ZACARIAS,AUGUSTO ZACARIAS CORREA LEITE,SP,DEPUTADO ESTADUAL,44777,250001602177,UNIÃO,APTO,ELEITO POR QP,DEPUTADO FEDERAL,MISSÃO,1477,250002546631,SUPLENTE,indicado,""
RENATO BATTISTA,RENATO DE SOUZA BATTISTA,SP,DEPUTADO ESTADUAL,44999,250001602106,UNIÃO,APTO,SUPLENTE,DEPUTADO ESTADUAL,MISSÃO,14000,250002545047,SUPLENTE,indicado,""
CRISTIANO BERALDO,CRISTIANO MOREIRA PINTO BERALDO,SP,DEPUTADO FEDERAL,4488,250001725837,UNIÃO,APTO,SUPLENTE,DEPUTADO FEDERAL,PP,1140,250002532373,SUPLENTE,indicado,2026 por outro partido; teve também registro dep. estadual 44555 (#NULO) em 2022
KIM KATAGUIRI,KIM PATROCA KATAGUIRI,SP,DEPUTADO FEDERAL,4433,250001602048,UNIÃO,APTO,ELEITO POR QP,DEPUTADO FEDERAL,MISSÃO,1414,250002546642,ELEITO POR QP,indicado,""
LUZIANE ESCRITORA,LUZIANE SOUZA PEREIRA,BA,DEPUTADO ESTADUAL,35888,50001644122,PMB,INAPTO,NÃO ELEITO,DEPUTADO FEDERAL,MISSÃO,1413,50002538869,NÃO ELEITO,missao_2026_disputou_2022,inapto em 2022: votos anulados
CRISTIANO CAIADO,CRISTIANO CAIADO DE ACIOLI,DF,DEPUTADO DISTRITAL,14567,70001666639,PTB,APTO,NÃO ELEITO,DEPUTADO FEDERAL,MISSÃO,1400,70002545072,NÃO ELEITO,missao_2026_disputou_2022,""
DR REILLER,REILLER LOPES DE SOUZA,GO,DEPUTADO FEDERAL,7033,90001650668,AVANTE,APTO,NÃO ELEITO,DEPUTADO FEDERAL,MISSÃO,1433,90002541707,NÃO ELEITO,missao_2026_disputou_2022,""
SARG SOUSA MARANHÃO,FRANCISCO AILTON SIQUEIRA DE SOUSA,MA,DEPUTADO ESTADUAL,20357,100001620080,PSC,APTO,SUPLENTE,DEPUTADO ESTADUAL,MISSÃO,14555,250002545052,SUPLENTE,missao_2026_disputou_2022,2022 pelo MA; 2026 por SP
MOISÉS QUEIROZ,MOISÉS SARMENTO DE QUEIROZ,RJ,DEPUTADO ESTADUAL,55025,190001612196,PSD,APTO,SUPLENTE,1º SUPLENTE,MISSÃO,144,190002543960,NÃO ELEITO,missao_2026_disputou_2022,em 2026 é suplente (sem voto nominal)
CORONEL BUSNELLO,JOÃO JACQUES SOARES BUSNELLO,RJ,DEPUTADO FEDERAL,5554,190001603420,PSD,APTO,SUPLENTE,GOVERNADOR,MISSÃO,14,190002544120,NÃO ELEITO,missao_2026_disputou_2022,""
MARCIO LABRE,MARCIO DA SILVEIRA LABRE,RJ,DEPUTADO FEDERAL,2252,190001596801,PL,APTO,SUPLENTE,DEPUTADO FEDERAL,MISSÃO,1415,190002543529,NÃO ELEITO,missao_2026_disputou_2022,""
HELIO SECCO,HELIO KINAST CRUZ SECCO,RJ,VICE-GOVERNADOR,30,190001600398,NOVO,APTO,NÃO ELEITO,SENADOR,MISSÃO,144,190002543961,NÃO ELEITO,missao_2026_disputou_2022,em 2022 foi vice-governador (sem voto nominal)
PROF DR MAJOR ORLANDO FURTADO,ORLANDO VIEIRA FURTADO FILHO,RS,DEPUTADO ESTADUAL,44561,210001601910,UNIÃO,APTO,SUPLENTE,DEPUTADO FEDERAL,MISSÃO,1475,210002544079,NÃO ELEITO,missao_2026_disputou_2022,""
AA ST VETERANA MARGARETH PRATS,MARGARETH HACH PRATTS,SC,DEPUTADO ESTADUAL,44222,240001616201,UNIÃO,APTO,SUPLENTE,DEPUTADO ESTADUAL,MISSÃO,14000,240002543542,NÃO ELEITO,missao_2026_disputou_2022,""
FRANK LÔBO,JODY FRANK ROMEIRO ALVES QUEIROZ,SC,DEPUTADO ESTADUAL,43000,240001679628,PV,APTO,SUPLENTE,DEPUTADO FEDERAL,MISSÃO,1401,240002544689,NÃO ELEITO,missao_2026_disputou_2022,""
VAGNER VISOLI,VAGNER VISOLI,SC,DEPUTADO ESTADUAL,90222,240001700782,PROS,APTO,NÃO ELEITO,DEPUTADO FEDERAL,MISSÃO,1410,240002544685,NÃO ELEITO,missao_2026_disputou_2022,""
MARCOS BOETTCHER CONTADOR,MARCOS BOETTCHER,SC,DEPUTADO FEDERAL,7711,240001647325,SOLIDARIEDADE,APTO,NÃO ELEITO,DEPUTADO FEDERAL,MISSÃO,1411,240002544680,NÃO ELEITO,missao_2026_disputou_2022,""
KEL GUIMARÃES,KETRY SILVA GUIMARAES LEITAO,SE,DEPUTADO ESTADUAL,19888,260001602599,PODE,APTO,NÃO ELEITO,DEPUTADO FEDERAL,MISSÃO,1499,260002541274,NÃO ELEITO,missao_2026_disputou_2022,""
