sq_candidato,nm_urna_candidato,sg_uf,divergencia,instagram_tse,instagram_tse_alternativos,instagram_site,seguidores_site
20002539463,KATIA MARQUES,AL,candidato_ausente_no_site,katiamarques.al,,,
60002540408,CLICIA GADELHA,CE,candidato_ausente_no_site,cliciagadelhace,,,
60002540412,LUCAS OLIVEIRA,CE,candidato_ausente_no_site,lucasoliverce,,,
60002540413,SAMUEL GRANDI,CE,candidato_ausente_no_site,samuelgrandi_,,,
90002541708,MÔNICA DE PAULA,GO,candidato_ausente_no_site,monicadepaula.go,ravengaar,,
100002537329,JEFFERSON CRUZ,MA,candidato_ausente_no_site,_jeffersoncruz,,,
130002544440,ROGÉRIO HENRIQUE,MG,candidato_ausente_no_site,rogerio.missao,,,
140002532262,ESTER ESMIRNA,PA,candidato_ausente_no_site,esteresmirnapa,,,
170002540424,NATHALIA PEDROSA,PE,candidato_ausente_no_site,nathaliapedrosa14,,,
190002543527,MARCOS PAULO,RJ,candidato_ausente_no_site,marcospaulodepinho,,,
240002543551,CLEITON SIQUEIRA,SC,candidato_ausente_no_site,cleiton_siqueira1,,,
250002532373,CRISTIANO BERALDO,SP,candidato_ausente_no_site,cristianoberaldoreserva,"cortesdoberaldo,cristianoberaldobr,devolvamobrproberaldo",,
250002545026,CARLINHOS SILVA,SP,candidato_ausente_no_site,gcmcarlinhos_silva,,,
250002546624,RÊ MESQUITA,SP,candidato_ausente_no_site,remesquitamsp,,,
250002546625,KATIA DRABER,SP,candidato_ausente_no_site,katiadraber,,,
250002546629,GUTO SCHIAVETTO,SP,candidato_ausente_no_site,gutoschiavetto,,,
250002546639,DR. MADEIRA,SP,candidato_ausente_no_site,drrandalosmadeira,,,
250002546650,DOUGLAS GARCIA,SP,candidato_ausente_no_site,chefdouglasgarcia,,,
250002553928,GUTO SCHIAVETTO,SP,candidato_ausente_no_site,gutoschiavetto,,,
250002553929,MEDON,SP,candidato_ausente_no_site,guimedon,,,
250002553930,FABIO RODRIGUES,SP,candidato_ausente_no_site,fabiodsf,fabiomissao14,,
270002542123,DANIEL BASTOS,TO,candidato_ausente_no_site,danielbaxtos,,,
270002542126,BRUNNA FERNANDES,TO,candidato_ausente_no_site,_brunnafsilva_,,,
270002542128,ROSANIO FERNANDES,TO,candidato_ausente_no_site,rosaniofernandesde,,,
30002549915,MARCIA NERY,AP,perfis_diferentes,marcianeryy,,marcianeryy_,4056
50002538877,VINICIUS CHAGAS HERÓI SERTÃO,BA,perfis_diferentes,viniciuschagas1411_heroisertao,,viniciuschagasheroi,
50002538880,JOCELI SANTANA,BA,perfis_diferentes,joceli_san,,jocelimbl,
70002545058,ANTHONY RIBAS,DF,perfis_diferentes,anthonyribasoficial,,meueupolitico,3058
70002545060,RHAILLER SANTOS,DF,perfis_diferentes,distritaldamissao,,rhailler,1359
70002545066,EMANUELLE,DF,perfis_diferentes,emanuellelimadf,,emanuelle_c.lima,
80002540555,BOMBEIRO OLIVEIRA,ES,perfis_diferentes,bombeiro_oliveira14,,sgt_bm_oliveira,670
80002540558,SAMIRA OLIVEIRA,ES,perfis_diferentes,samiradeoliveira1401,,macchi_atos,
80002540559,JEFFERSON ZANETTI,ES,perfis_diferentes,jeffersonzanetti1441,"apoiojeffersonzanetti,apoiojeffzanetti1441",ateocegove.missao14,
90002541706,MAYKEL CARVALHO,GO,perfis_diferentes,maykelcarvalhoo,,ocorretordocampooficial,
130002544415,BERNARDO VALLADARES,MG,perfis_diferentes,bervalladaresmg,,bernardovalladaresmg,
130002544431,ELENORA VALE,MG,perfis_diferentes,elenoravale1411.dfmg,,elenoravale.dpmg,238
130002544434,JOÃO PAULO NAGASHI,MG,perfis_diferentes,nagashi.1445,,nagashi.missao,
120002544960,KELLYANNE CORREA,MS,perfis_diferentes,kellyannecorreac,,kellyanne__m,
170002540398,ADRIANO ANDREWS,PE,perfis_diferentes,adrianoandrewspe,,adrianoviana.pe,
170002540401,IONE NASCIMENTO,PE,perfis_diferentes,ionenascimento.oficial,,ione.nascimento29,654
170002540422,EMANOEL XAVIER,PE,perfis_diferentes,emanoelxavier1428,,falaxavier28,
170002540425,ROSTAND FILHO,PE,perfis_diferentes,rostand_filho,,rostand.filho,
160002551037,NANÁ VIEIRA,PR,perfis_diferentes,nanarvieiramartins,,nanarvieira,
160002551120,RENATO SCARANTE,PR,perfis_diferentes,renatoscarante_14,renatoscarante,orenatoscarante,3
160002551159,EDUARDO GOMES,PR,perfis_diferentes,eduardogomes.14021.missao,,eduardogomes.missão_,
160002551164,CARLOS EDUARDO,PR,perfis_diferentes,carloskcadukcarlinhoseduardo,carloseduardokadu.bike,kcadukcarlinhos,
160002551182,GRACI DA FAUNA SILVESTRE,PR,perfis_diferentes,graci.faunasilvestre,,sem,146000
200002547278,ABIMAEL COSTA,RN,perfis_diferentes,abimaelcostarn,,abimael.edit,1222
210002544079,PROFESSOR DR ORLANDO FURTADO,RS,perfis_diferentes,drorlandofurtado1475,,professor_orlando_poa,2659
240002543543,ORLEI CORREIA,SC,perfis_diferentes,orleicandidato,,orleicorreia,445
240002543548,RICARDO BECKER,SC,perfis_diferentes,ricardobecker14777,,rbjec5,
240002544094,TÚLIO DE AMORIM PFUETZENREITER,SC,perfis_diferentes,tuliopfu,,tulioteconta,12826
240002544680,MARCOS BOETTCHER,SC,perfis_diferentes,marcosboettchler77,,marcosboettcher77,1810
250002544993,LUIS ACUÑA,SP,perfis_diferentes,luisacuna.missao,,aa.luisfernando,
250002545015,MONICA RAMIRES,SP,perfis_diferentes,mramiresmm,,mramiresm,1
250002545041,GABRIEL LIMA (KAPO),SP,perfis_diferentes,gabriellimambl,,ogabriellimasp,
250002545043,BRUNA SILVA,SP,perfis_diferentes,brunaslange,,bruna2silva,571
250002545050,KELLVIN MILLER,SP,perfis_diferentes,kellvinmiller.mbl,,kellvinmiller,
250002546622,BIA COIMBRA,SP,perfis_diferentes,biacoimbrasp,,pre_candidata_biacoimbra,
250002546634,RICARDO ALMEIDA,SP,perfis_diferentes,ricardoalmeidamissao1478,,otalrickalmeida,
250002546636,DEREK CANARIN,SP,perfis_diferentes,derek.canarin,,derek.itu,
250002546652,CARLOS SILVA,SP,perfis_diferentes,carlossilvamissao,,correcarlao,3185
250002546655,COMANDANTE NAVAL,SP,perfis_diferentes,comandante.naval,,naval_guarda_municipal,
250002546657,DANI CARVALHO MISSÃO,SP,perfis_diferentes,danicarvalhomissao,,danieleantoniacarvalho,454
50002538887,VITOR BANDEIRA,BA,site_usa_perfil_alternativo_do_tse,victorbandeirabahia,vitorbandeirabahia,vitorbandeirabahia,335
50002540497,ISAAC NOLASCO,BA,site_usa_perfil_alternativo_do_tse,isaacnolascovdc,isaacnolasco14444,isaacnolasco14444,
60002540409,ERICA FREIRE,CE,site_usa_perfil_alternativo_do_tse,ericafreiremissao1467,ericafreiremissao,ericafreiremissao,658
130002544425,LUCAS BRANDÃO PELUCIO,MG,site_usa_perfil_alternativo_do_tse,lucas_bp_missao,lucas_bp_1418,lucas_bp_1418,
130002544429,CARLOS HENRIQUE DIAS,MG,site_usa_perfil_alternativo_do_tse,carlos_henrique.mg,carloshenrique.1414,carloshenrique.1414,27000
160002551014,ANDRÉ RIBEIRO,PR,site_usa_perfil_alternativo_do_tse,andreribeiro.missao,andre.yman,andre.yman,688
160002551020,FERNANDO GARBATCHEVSKI,PR,site_usa_perfil_alternativo_do_tse,garbafernando,"garba_fernando,garba_missao,ogarba_pr,prendeu_m4tou",garba_missao,
160002551024,DARLON PARANÁ POP,PR,site_usa_perfil_alternativo_do_tse,darlondutra,parana.pop,parana.pop,214000
160002551175,IVO ARTHUR,PR,site_usa_perfil_alternativo_do_tse,ivoarthurmissao,ivoarthur.missao,ivoarthur.missao,357
190002544120,CORONEL BUSNELLO,RJ,site_usa_perfil_alternativo_do_tse,coronelbsnello,coronelbusnello,coronelbusnello,50510
200002547284,DR. SALOMÃO,RN,site_usa_perfil_alternativo_do_tse,drsalomaorn,"drmissaorn14,drsalomao14",drsalomao14,92301
240002544685,VAGNER VISOLI,SC,site_usa_perfil_alternativo_do_tse,apoiadoresmissaobiguacu,vagner.visoli,vagner.visoli,5361
250002545018,DR. ALEXANDRE MITSUO,SP,site_usa_perfil_alternativo_do_tse,drxandre,dralexandremitsuosp,dralexandremitsuosp,294
250002546616,ISABEL DE SOUZA,SP,site_usa_perfil_alternativo_do_tse,isabeldesouzaoliveira,isabeldesouzasp,isabeldesouzasp,1263
250002546621,KAIO FEITOSA,SP,site_usa_perfil_alternativo_do_tse,garagemcertaoficial,kaiofeitosa,kaiofeitosa,19014
250002546647,GABRIEL PIAUHY LIMA DA SILVA,SP,site_usa_perfil_alternativo_do_tse,gabrielpiauhyreserva,gabrielpiauhysp,gabrielpiauhysp,263379
50002538878,MARCELO SAÚDE,BA,so_no_site,,,marcelosaudembl,340
90002541704,ROBERTO JUNIOR (RAVENGAAR),GO,so_no_site,,,ravengaar,1879
180002547872,ISRAEL OLIVER,PI,so_no_site,,,israelolivermblpi,300
